{"current":{"checkout_header_image":"","checkout_logo_image":"","checkout_logo_position":"left","checkout_logo_size":"medium","checkout_body_background_image":"","checkout_body_background_color":"#fff","checkout_input_background_color_mode":"white","checkout_sidebar_background_image":"","checkout_sidebar_background_color":"#fafafa","checkout_heading_font":"Helvetica Neue","checkout_body_font":"Helvetica Neue","checkout_accent_color":"#1990c6","checkout_button_color":"#1990c6","checkout_error_color":"#ff6d6d","color_primary":"#9c756f","color_secondary":"#f3f3f3","color_accent":"#545454","color_body_bg":"#ffffff","color_borders":"#dedede","product_reviews_star_color":"#e5c649","color_header_background":"#ffffff","color_header_text":"#545454","color_header_cart_search":"#f3f3f3","color_nav_bg":"#000","color_nav_text":"#ffffff","color_body_text":"#858585","color_heading_text":"#2f2f2f","color_footer_bg":"#ffffff","color_footer_text":"#545454","color_footer_social_link":"#545454","type_base_family":"Google_Lato_400,700_sans","type_base_size":"16px","type_header_family":"Google_Lato_700_sans","type_header_transform":false,"type_accent_family":"Google_Lato_700_sans","type_navigation_size":"16px","type_navigation_transform":true,"type_button_size":"14px","type_button_transform":true,"favicon":"","cart_notes_enable":false,"ajax_cart_method":"modal","social_twitter_link":"","social_facebook_link":"","social_pinterest_link":"","social_google_plus_link":"","social_instagram_link":"","social_snapchat_link":"","social_tumblr_link":"","social_youtube_link":"","social_vimeo_link":"","social_fancy_link":"","social_sharing_style":"is-normal","share_facebook":true,"share_twitter":true,"share_pinterest":true,"superscript_decimals":true,"collection_sidebar_filters":"tags","sections":{"header":{"type":"header","settings":{"menu":"main-menu","logo":"","logo_max_width":"305","show_announcement":false,"announcement_text":"Announce something here","announcement_link":""}},"footer":{"type":"footer","settings":{}},"collection-template":{"type":"collection-template","settings":{"grid":"4","rows":"6","collection_sidebar_filters":"groups","product_show_compare_at_price":false,"product_show_saved_amount":true,"product_reviews_enable":false,"banner_image":"shopify:\/\/shop_images\/processing-banner_c11f3a03-c87d-4649-add9-af56416225e8.png"}},"1506649128847":{"type":"slideshow","blocks":{"1506649128847-0":{"type":"image","settings":{"slide":"shopify:\/\/shop_images\/crafted-cookie-cutter-header.png","link":"shopify:\/\/collections\/all"}}},"block_order":["1506649128847-0"],"settings":{"slider_home_auto":false,"slider_home_rate":"5000"}},"1506649218273":{"type":"collection-rows","settings":{"title":"Cookie Cutters","home_featured_row":"cookie-cutter","grid":4,"rows":1,"product_show_saved_amount":true,"product_show_compare_at_price":false}},"1506649244621":{"type":"image-with-text","settings":{"image":"shopify:\/\/shop_images\/cookie-pins-hero_9e41a85f-5a28-4deb-975c-64952da06b17.png","layout":"left","title":"Enamel Cookie Pins","text":"<p>Baking-themed lapel pins now available! These lapel pins add a dash of swagger and a pinch of awesome to your apron, bulletin board, or lapel of choice.<\/p>","button_label":"Buy Now","button_link":"shopify:\/\/collections\/lapel-pins"}},"1506649302999":{"type":"collection-rows","settings":{"title":"Stencils","home_featured_row":"stencils","grid":4,"rows":1,"product_show_saved_amount":true,"product_show_compare_at_price":false}}},"content_for_index":["1506649128847","1506649218273","1506649244621","1506649302999"]},"presets":{"Blue":{"ajax_cart_method":"modal","cart_notes_enable":false,"collection_sidebar_filters":"tags","color_accent":"#dd2525","color_body_bg":"#fff","color_body_text":"#585858","color_borders":"#ececec","color_footer_bg":"#f2f2f2","color_footer_social_link":"#bbbbbb","color_footer_text":"#636363","color_header_background":"#182e49","color_header_cart_search":"#0f243d","color_header_text":"#fff","color_heading_text":"#000","color_nav_bg":"#182e49","color_nav_text":"#fff","color_primary":"#528ec1","color_secondary":"#dcdcdc","share_facebook":true,"share_pinterest":true,"share_twitter":true,"social_facebook_link":"","social_fancy_link":"","social_google_plus_link":"","social_instagram_link":"","social_pinterest_link":"","social_sharing_style":"is-normal","social_snapchat_link":"","social_tumblr_link":"","social_twitter_link":"","social_vimeo_link":"","social_youtube_link":"","type_accent_family":"Google_Montserrat_400_sans","type_base_family":"Google_Montserrat_400,700_sans","type_base_size":"13px","type_button_size":"14px","type_button_transform":true,"type_header_family":"Google_Montserrat_700_sans","type_header_transform":true,"type_navigation_size":"14px","type_navigation_transform":true,"superscript_decimals":true,"content_for_index":[]},"Light":{"ajax_cart_method":"modal","cart_notes_enable":false,"collection_sidebar_filters":"tags","color_accent":"#545454","color_body_bg":"#f3f3f3","color_body_text":"#858585","color_borders":"#dedede","color_footer_bg":"#ffffff","color_footer_social_link":"#545454","color_footer_text":"#545454","color_header_background":"#ffffff","color_header_cart_search":"#f3f3f3","color_header_text":"#545454","color_heading_text":"#2f2f2f","color_nav_bg":"#9c756f","color_nav_text":"#ffffff","color_primary":"#9c756f","color_secondary":"#f3f3f3","share_facebook":true,"share_pinterest":true,"share_twitter":true,"social_facebook_link":"","social_google_plus_link":"","social_instagram_link":"","social_sharing_style":"is-normal","social_twitter_link":"","type_accent_family":"Google_Lato_700_sans","type_base_family":"Google_Roboto_400,700_sans","type_base_size":"14px","type_button_size":"14px","type_button_transform":true,"type_header_family":"TimesNewRoman, 'Times New Roman', Times, Baskerville, Georgia, serif","type_header_transform":false,"type_navigation_size":"14px","type_navigation_transform":true,"superscript_decimals":true,"content_for_index":[]}}}