{"current":{"checkout_header_image":"","checkout_logo_image":"","checkout_logo_position":"left","checkout_logo_size":"medium","checkout_body_background_image":"","checkout_body_background_color":"#fff","checkout_input_background_color_mode":"white","checkout_sidebar_background_image":"","checkout_sidebar_background_color":"#fafafa","checkout_heading_font":"Helvetica Neue","checkout_body_font":"Helvetica Neue","checkout_accent_color":"#1990c6","checkout_button_color":"#1990c6","checkout_error_color":"#ff6d6d","color_primary":"#9c756f","color_secondary":"#f3f3f3","color_accent":"#545454","color_body_bg":"#f3f3f3","color_borders":"#dedede","product_reviews_star_color":"#e5c649","color_header_background":"#ffffff","color_header_text":"#545454","color_header_cart_search":"#f3f3f3","color_nav_bg":"#9c756f","color_nav_text":"#ffffff","color_body_text":"#858585","color_heading_text":"#2f2f2f","color_footer_bg":"#ffffff","color_footer_text":"#545454","color_footer_social_link":"#545454","type_base_family":"Google_Lato_400,700_sans","type_base_size":"16px","type_header_family":"Google_Lato_700_sans","type_header_transform":false,"type_accent_family":"Google_Lato_700_sans","type_navigation_size":"16px","type_navigation_transform":true,"type_button_size":"14px","type_button_transform":true,"favicon":"","cart_notes_enable":false,"ajax_cart_method":"modal","social_twitter_link":"","social_facebook_link":"","social_pinterest_link":"","social_google_plus_link":"","social_instagram_link":"","social_snapchat_link":"","social_tumblr_link":"","social_youtube_link":"","social_vimeo_link":"","social_fancy_link":"","social_sharing_style":"is-normal","share_facebook":true,"share_twitter":true,"share_pinterest":true,"superscript_decimals":true,"collection_sidebar_filters":"tags","content_for_index":[]},"presets":{"Blue":{"ajax_cart_method":"modal","cart_notes_enable":false,"collection_sidebar_filters":"tags","color_accent":"#dd2525","color_body_bg":"#fff","color_body_text":"#585858","color_borders":"#ececec","color_footer_bg":"#f2f2f2","color_footer_social_link":"#bbbbbb","color_footer_text":"#636363","color_header_background":"#182e49","color_header_cart_search":"#0f243d","color_header_text":"#fff","color_heading_text":"#000","color_nav_bg":"#182e49","color_nav_text":"#fff","color_primary":"#528ec1","color_secondary":"#dcdcdc","share_facebook":true,"share_pinterest":true,"share_twitter":true,"social_facebook_link":"","social_fancy_link":"","social_google_plus_link":"","social_instagram_link":"","social_pinterest_link":"","social_sharing_style":"is-normal","social_snapchat_link":"","social_tumblr_link":"","social_twitter_link":"","social_vimeo_link":"","social_youtube_link":"","type_accent_family":"Google_Montserrat_400_sans","type_base_family":"Google_Montserrat_400,700_sans","type_base_size":"13px","type_button_size":"14px","type_button_transform":true,"type_header_family":"Google_Montserrat_700_sans","type_header_transform":true,"type_navigation_size":"14px","type_navigation_transform":true,"superscript_decimals":true,"content_for_index":[]},"Light":{"ajax_cart_method":"modal","cart_notes_enable":false,"collection_sidebar_filters":"tags","color_accent":"#545454","color_body_bg":"#f3f3f3","color_body_text":"#858585","color_borders":"#dedede","color_footer_bg":"#ffffff","color_footer_social_link":"#545454","color_footer_text":"#545454","color_header_background":"#ffffff","color_header_cart_search":"#f3f3f3","color_header_text":"#545454","color_heading_text":"#2f2f2f","color_nav_bg":"#9c756f","color_nav_text":"#ffffff","color_primary":"#9c756f","color_secondary":"#f3f3f3","share_facebook":true,"share_pinterest":true,"share_twitter":true,"social_facebook_link":"","social_google_plus_link":"","social_instagram_link":"","social_sharing_style":"is-normal","social_twitter_link":"","type_accent_family":"Google_Lato_700_sans","type_base_family":"Google_Roboto_400,700_sans","type_base_size":"14px","type_button_size":"14px","type_button_transform":true,"type_header_family":"TimesNewRoman, 'Times New Roman', Times, Baskerville, Georgia, serif","type_header_transform":false,"type_navigation_size":"14px","type_navigation_transform":true,"superscript_decimals":true,"content_for_index":[]}}}